Text,Date,Time,Draft,Facebook,Twitter/X,LinkedIn,GBP,Instagram,Pinterest,TikTok,YouTube,Threads,Bluesky,Picture Url 1,Alt text picture 1,Picture Url 2,Alt text picture 2,Picture Url 3,Alt text picture 3,Picture Url 4,Alt text picture 4,Picture Url 5,Alt text picture 5,Picture Url 6,Alt text picture 6,Picture Url 7,Alt text picture 7,Picture Url 8,Alt text picture 8,Picture Url 9,Alt text picture 9,Picture Url 10,Alt text picture 10,Brand name (Optional)
"Every Mercedes-Benz on our floor wears a pink bow this October 🎀

It's Breast Cancer Awareness Month at Mercedes-Benz of Smithtown. These bows are for every fighter, every survivor, and everyone we carry with us.

👉 Tag a survivor who deserves to see this, and share to your story to spread the pink.

#PinkBowOctober #BreastCancerAwarenessMonth #ThinkPink #EarlyDetectionSavesLives #AMGGT #MercedesBenz #MBofSmithtown #CompetitionAutoGroup #Smithtown #LongIsland",12/10/2026,12:00,TRUE,FALSE,FALSE,FALSE,FALSE,TRUE,FALSE,FALSE,FALSE,FALSE,FALSE,https://raw.githubusercontent.com/empathicmk-svg/mkparrish-site/main/output/mercedes-smithtown/feed/01-think-pink.jpg,White Mercedes-AMG GT 4-Door Coupé with a pink bow in the showroom,,,,,,,,,,,,,,,,,,,
"Pink bows on every Mercedes-Benz this October 🎀 This one's for every fighter, every survivor, and everyone we've lost. Tag someone who wears pink for a reason, and share this to remind a friend to book a screening.

#PinkBowOctober #BreastCancerAwarenessMonth #MercedesBenz",12/10/2026,12:00,TRUE,TRUE,FALSE,FALSE,FALSE,FALSE,FALSE,FALSE,FALSE,FALSE,FALSE,https://raw.githubusercontent.com/empathicmk-svg/mkparrish-site/main/output/mercedes-smithtown/feed/01-think-pink.jpg,White Mercedes-AMG GT 4-Door Coupé with a pink bow in the showroom,,,,,,,,,,,,,,,,,,,
"Every bow on our floor is pink this October 🎀 For every fighter. Every survivor. And everyone we carry with us. Book the screening — then come see me. Share this with someone who needs the reminder.

#PinkBowOctober #BreastCancerAwarenessMonth #ThinkPink #EarlyDetectionSavesLives #MercedesBenz #MBofSmithtown #CompetitionAutoGroup #Smithtown #LongIsland",12/10/2026,19:00,TRUE,FALSE,FALSE,FALSE,FALSE,TRUE,FALSE,FALSE,FALSE,FALSE,FALSE,https://raw.githubusercontent.com/empathicmk-svg/mkparrish-site/main/output/mercedes-smithtown/vol2/reels/04-every-bow-is-pink.mp4,Pink bows on Mercedes-Benz cars for Breast Cancer Awareness Month,,,,,,,,,,,,,,,,,,,
"Every bow at Mercedes-Benz of Smithtown is pink this month 🎀 For every fighter, every survivor, and everyone we carry with us. Please book your screening — and share this with someone who needs the nudge.",12/10/2026,19:00,TRUE,TRUE,FALSE,FALSE,FALSE,FALSE,FALSE,FALSE,FALSE,FALSE,FALSE,https://raw.githubusercontent.com/empathicmk-svg/mkparrish-site/main/output/mercedes-smithtown/vol2/reels/04-every-bow-is-pink.mp4,Pink bows on Mercedes-Benz cars for Breast Cancer Awareness Month,,,,,,,,,,,,,,,,,,,
"Every bow on our floor is pink this October 🎀 For every fighter. Every survivor. And everyone we carry with us. Book the screening 💗

#BreastCancerAwarenessMonth #PinkBowOctober #ThinkPink #MercedesBenz #CarTok",12/10/2026,19:00,TRUE,FALSE,FALSE,FALSE,FALSE,FALSE,FALSE,TRUE,FALSE,FALSE,FALSE,https://raw.githubusercontent.com/empathicmk-svg/mkparrish-site/main/output/mercedes-smithtown/vol2/reels/04-every-bow-is-pink.mp4,Pink bows on Mercedes-Benz cars for Breast Cancer Awareness Month,,,,,,,,,,,,,,,,,,,
"Matte black AMG — no bow needed… but it's October 🎀 Comment ""MATTE"" and I'll DM you the details. Follow @mk_parrish for new arrivals.

#MercedesAMG #AMG #GLCCoupe #MatteBlack #MBofSmithtown #LongIslandCars #PinkBowOctober",13/10/2026,19:00,TRUE,FALSE,FALSE,FALSE,FALSE,TRUE,FALSE,FALSE,FALSE,FALSE,FALSE,https://raw.githubusercontent.com/empathicmk-svg/mkparrish-site/main/output/mercedes-smithtown/tiktok/01-matte-black-amg-glc-coupe.mp4,Walkaround of a matte black Mercedes-AMG GLC Coupé,,,,,,,,,,,,,,,,,,,
"Matte black Mercedes-AMG GLC Coupé 🖤 Message me ""MATTE"" for details — Mercedes-Benz of Smithtown, St. James.",13/10/2026,19:00,TRUE,TRUE,FALSE,FALSE,FALSE,FALSE,FALSE,FALSE,FALSE,FALSE,FALSE,https://raw.githubusercontent.com/empathicmk-svg/mkparrish-site/main/output/mercedes-smithtown/tiktok/01-matte-black-amg-glc-coupe.mp4,Walkaround of a matte black Mercedes-AMG GLC Coupé,,,,,,,,,,,,,,,,,,,
"Walk it with me 🖤 Matte black Mercedes-AMG GLC Coupé at Mercedes-Benz of Smithtown. Comment ""MATTE"" and I'll send you the details.

#MercedesAMG #AMG #MatteBlack #CarTok #LongIsland #PinkBowOctober",13/10/2026,19:00,TRUE,FALSE,FALSE,FALSE,FALSE,FALSE,FALSE,TRUE,FALSE,FALSE,FALSE,https://raw.githubusercontent.com/empathicmk-svg/mkparrish-site/main/output/mercedes-smithtown/tiktok/01-matte-black-amg-glc-coupe.mp4,Walkaround of a matte black Mercedes-AMG GLC Coupé,,,,,,,,,,,,,,,,,,,
"Hi, I'm MK 👋 Your Mercedes-Benz specialist at Mercedes-Benz of Smithtown, part of Competition Automotive Group.

New & Certified Pre-Owned, AMG, SUVs, coupés and cabriolets — plus lease-end and trade-in questions.

👉 Follow @mk_parrish for new arrivals and DM me anytime.

#MercedesBenz #MBofSmithtown #CompetitionAutoGroup #Smithtown #LongIsland #StJamesNY #SuffolkCounty #CarSales",14/10/2026,12:00,TRUE,FALSE,FALSE,FALSE,FALSE,TRUE,FALSE,FALSE,FALSE,FALSE,FALSE,https://raw.githubusercontent.com/empathicmk-svg/mkparrish-site/main/output/mercedes-smithtown/feed/03-hi-im-mk.jpg,"Black-and-white portrait of MK, Mercedes-Benz specialist",,,,,,,,,,,,,,,,,,,
"Hi, I'm MK! I sell Mercedes-Benz at Mercedes-Benz of Smithtown (630 Middle Country Rd, St. James). Shopping, leasing, or just curious what your trade is worth? Message me or come in and ask for MK.",14/10/2026,12:00,TRUE,TRUE,FALSE,FALSE,FALSE,FALSE,FALSE,FALSE,FALSE,FALSE,FALSE,https://raw.githubusercontent.com/empathicmk-svg/mkparrish-site/main/output/mercedes-smithtown/feed/03-hi-im-mk.jpg,"Black-and-white portrait of MK, Mercedes-Benz specialist",,,,,,,,,,,,,,,,,,,
"Five Mercedes-Benz models, five pink bows 🎀 Which one's going home with you?

1️⃣ The all-new CLA
2️⃣ AMG E-Class in matte white
3️⃣ Mercedes-AMG GLE
4️⃣ AMG GT 4-Door Coupé
5️⃣ Mercedes-Benz GLB

👉 Comment your number and I'll DM you trim, color and payment options. And every pink bow is a reminder: book your screening.

#PinkBowOctober #MercedesAMG #AMG #CLA #GLE #GLB #MercedesBenz #MBofSmithtown #CompetitionAutoGroup #Smithtown #LongIsland",15/10/2026,19:00,TRUE,FALSE,FALSE,FALSE,FALSE,TRUE,FALSE,FALSE,FALSE,FALSE,FALSE,https://raw.githubusercontent.com/empathicmk-svg/mkparrish-site/main/output/mercedes-smithtown/carousel/00-cover.jpg,"Five Mercedes-Benz models with pink bows: CLA, AMG E-Class, AMG GLE, AMG GT 4-Door, GLB",https://raw.githubusercontent.com/empathicmk-svg/mkparrish-site/main/output/mercedes-smithtown/carousel/01-slide.jpg,,https://raw.githubusercontent.com/empathicmk-svg/mkparrish-site/main/output/mercedes-smithtown/carousel/02-slide.jpg,,https://raw.githubusercontent.com/empathicmk-svg/mkparrish-site/main/output/mercedes-smithtown/carousel/03-slide.jpg,,https://raw.githubusercontent.com/empathicmk-svg/mkparrish-site/main/output/mercedes-smithtown/carousel/04-slide.jpg,,https://raw.githubusercontent.com/empathicmk-svg/mkparrish-site/main/output/mercedes-smithtown/carousel/05-slide.jpg,,https://raw.githubusercontent.com/empathicmk-svg/mkparrish-site/main/output/mercedes-smithtown/carousel/06-end.jpg,,,,,,,,
Pick your bow 🎀 Five Mercedes-Benz models on the floor right now at Mercedes-Benz of Smithtown. Comment 1–5 and I'll message you the details.,15/10/2026,19:00,TRUE,TRUE,FALSE,FALSE,FALSE,FALSE,FALSE,FALSE,FALSE,FALSE,FALSE,https://raw.githubusercontent.com/empathicmk-svg/mkparrish-site/main/output/mercedes-smithtown/carousel/00-cover.jpg,"Five Mercedes-Benz models with pink bows: CLA, AMG E-Class, AMG GLE, AMG GT 4-Door, GLB",https://raw.githubusercontent.com/empathicmk-svg/mkparrish-site/main/output/mercedes-smithtown/carousel/01-slide.jpg,,https://raw.githubusercontent.com/empathicmk-svg/mkparrish-site/main/output/mercedes-smithtown/carousel/02-slide.jpg,,https://raw.githubusercontent.com/empathicmk-svg/mkparrish-site/main/output/mercedes-smithtown/carousel/03-slide.jpg,,https://raw.githubusercontent.com/empathicmk-svg/mkparrish-site/main/output/mercedes-smithtown/carousel/04-slide.jpg,,https://raw.githubusercontent.com/empathicmk-svg/mkparrish-site/main/output/mercedes-smithtown/carousel/05-slide.jpg,,https://raw.githubusercontent.com/empathicmk-svg/mkparrish-site/main/output/mercedes-smithtown/carousel/06-end.jpg,,,,,,,,
"Reminder from the showroom floor: book the screening. Then book the test drive. In that order 🎀

Early detection saves lives — ask your doctor what screening is right for you.

👉 Already booked? DM me ""PINK"" and I'll set up a test drive in any pink-bow Mercedes-Benz on the floor.

#PinkBowOctober #BreastCancerAwarenessMonth #ThinkPink #EarlyDetectionSavesLives #GLE #MercedesBenz #MBofSmithtown #CompetitionAutoGroup #Smithtown #LongIsland",16/10/2026,12:00,TRUE,FALSE,FALSE,FALSE,FALSE,TRUE,FALSE,FALSE,FALSE,FALSE,FALSE,https://raw.githubusercontent.com/empathicmk-svg/mkparrish-site/main/output/mercedes-smithtown/feed/02-book-the-screening.jpg,Black Mercedes-Benz GLE with a pink bow above a pink panel reading Book the screening,,,,,,,,,,,,,,,,,,,
"Book the screening, then book the test drive 🎀 Early detection saves lives. If you've been putting it off, this is your sign. When you're ready, send me a message and I'll line up a GLE (or anything with a pink bow) for you.",16/10/2026,12:00,TRUE,TRUE,FALSE,FALSE,FALSE,FALSE,FALSE,FALSE,FALSE,FALSE,FALSE,https://raw.githubusercontent.com/empathicmk-svg/mkparrish-site/main/output/mercedes-smithtown/feed/02-book-the-screening.jpg,Black Mercedes-Benz GLE with a pink bow above a pink panel reading Book the screening,,,,,,,,,,,,,,,,,,,
"Which AMG are you? 🏁 1. AMG GT 4-Door Coupé 2. AMG E-Class 3. AMG GLE 4. AMG GLC Coupé. Comment your number — I'll send specs and availability.

#MercedesAMG #AMG #AMGGT #AMGGLE #PinkBowOctober #MercedesBenz #MBofSmithtown #CompetitionAutoGroup #Smithtown #LongIsland",17/10/2026,10:00,TRUE,FALSE,FALSE,FALSE,FALSE,TRUE,FALSE,FALSE,FALSE,FALSE,FALSE,https://raw.githubusercontent.com/empathicmk-svg/mkparrish-site/main/output/mercedes-smithtown/vol2/reels/05-which-amg-are-you.mp4,Four Mercedes-AMG models,,,,,,,,,,,,,,,,,,,
Which Mercedes-AMG are you? 🏁 Comment 1–4 and I'll message you specs and availability — all on the floor now in St. James.,17/10/2026,10:00,TRUE,TRUE,FALSE,FALSE,FALSE,FALSE,FALSE,FALSE,FALSE,FALSE,FALSE,https://raw.githubusercontent.com/empathicmk-svg/mkparrish-site/main/output/mercedes-smithtown/vol2/reels/05-which-amg-are-you.mp4,Four Mercedes-AMG models,,,,,,,,,,,,,,,,,,,
"Which AMG are you? 🏁 1. AMG GT 4-Door 2. AMG E-Class 3. AMG GLE 4. AMG GLC Coupé. Comment your number.

#MercedesAMG #AMG #CarTok #LongIslandCars #PinkBowOctober",17/10/2026,10:00,TRUE,FALSE,FALSE,FALSE,FALSE,FALSE,FALSE,TRUE,FALSE,FALSE,FALSE,https://raw.githubusercontent.com/empathicmk-svg/mkparrish-site/main/output/mercedes-smithtown/vol2/reels/05-which-amg-are-you.mp4,Four Mercedes-AMG models,,,,,,,,,,,,,,,,,,,
"CLE Coupé or CLE Cabriolet? 🖤🖤 Same face, two pink bows, two very different weekends.

👉 Comment COUPÉ or CABRIO — I'll DM the details to everyone who votes.

#CLE #CLECoupe #CLECabriolet #PinkBowOctober #MercedesBenz #MBofSmithtown #CompetitionAutoGroup #Smithtown #LongIsland",18/10/2026,12:00,TRUE,FALSE,FALSE,FALSE,FALSE,TRUE,FALSE,FALSE,FALSE,FALSE,FALSE,https://raw.githubusercontent.com/empathicmk-svg/mkparrish-site/main/output/mercedes-smithtown/feed/04-cle-coupe-or-cabriolet.jpg,Black Mercedes-Benz CLE Coupé and CLE Cabriolet side by side with pink bows,,,,,,,,,,,,,,,,,,,
Settle this for me: CLE Coupé or CLE Cabriolet? 🖤 Comment your pick 👇 Want to sit in both? Message me and I'll have the keys ready.,18/10/2026,12:00,TRUE,TRUE,FALSE,FALSE,FALSE,FALSE,FALSE,FALSE,FALSE,FALSE,FALSE,https://raw.githubusercontent.com/empathicmk-svg/mkparrish-site/main/output/mercedes-smithtown/feed/04-cle-coupe-or-cabriolet.jpg,Black Mercedes-Benz CLE Coupé and CLE Cabriolet side by side with pink bows,,,,,,,,,,,,,,,,,,,
"Top-down check ✅ Cognac leather check ✅ CLE Cabriolet at Mercedes-Benz of Smithtown. DM ""CABRIO"" and I'll have it pulled up front this week.

#CLECabriolet #Convertible #MercedesBenz #MBofSmithtown #CompetitionAutoGroup #Smithtown #LongIsland",19/10/2026,19:00,TRUE,FALSE,FALSE,FALSE,FALSE,TRUE,FALSE,FALSE,FALSE,FALSE,FALSE,https://raw.githubusercontent.com/empathicmk-svg/mkparrish-site/main/output/mercedes-smithtown/vol2/reels/07-cabriolet-interior-check.mp4,Mercedes-Benz CLE Cabriolet exterior and cognac leather interior,,,,,,,,,,,,,,,,,,,
"Mercedes-Benz CLE Cabriolet — top down, cognac leather, ready for a Long Island fall drive 🍂 Message me ""CABRIO"" to book a test drive.",19/10/2026,19:00,TRUE,TRUE,FALSE,FALSE,FALSE,FALSE,FALSE,FALSE,FALSE,FALSE,FALSE,https://raw.githubusercontent.com/empathicmk-svg/mkparrish-site/main/output/mercedes-smithtown/vol2/reels/07-cabriolet-interior-check.mp4,Mercedes-Benz CLE Cabriolet exterior and cognac leather interior,,,,,,,,,,,,,,,,,,,
"Top-down check ✅ Cognac leather check ✅ CLE Cabriolet. DM ""CABRIO"" and I'll have it pulled up front.

#MercedesBenz #CLECabriolet #Convertible #CarTok #LongIsland",19/10/2026,19:00,TRUE,FALSE,FALSE,FALSE,FALSE,FALSE,FALSE,TRUE,FALSE,FALSE,FALSE,https://raw.githubusercontent.com/empathicmk-svg/mkparrish-site/main/output/mercedes-smithtown/vol2/reels/07-cabriolet-interior-check.mp4,Mercedes-Benz CLE Cabriolet exterior and cognac leather interior,,,,,,,,,,,,,,,,,,,
"Early detection saves lives 🎀

Every pink bow on our floor this month is a reminder. Book the screening — for you, your mom, your sister, your best friend. Talk to your doctor about what's right for you.

👉 Share this to your story. Someone needs the nudge.

#PinkBowOctober #BreastCancerAwarenessMonth #ThinkPink #EarlyDetectionSavesLives #MBofSmithtown",20/10/2026,12:00,TRUE,FALSE,FALSE,FALSE,FALSE,TRUE,FALSE,FALSE,FALSE,FALSE,FALSE,https://raw.githubusercontent.com/empathicmk-svg/mkparrish-site/main/output/mercedes-smithtown/vol2/feed/10-early-detection.jpg,Pink graphic reading Early detection saves lives,,,,,,,,,,,,,,,,,,,
Early detection saves lives 🎀 Every pink bow on our floor this month is a reminder to book the screening. Please share this — someone in your life needs the nudge.,20/10/2026,12:00,TRUE,TRUE,FALSE,FALSE,FALSE,FALSE,FALSE,FALSE,FALSE,FALSE,FALSE,https://raw.githubusercontent.com/empathicmk-svg/mkparrish-site/main/output/mercedes-smithtown/vol2/feed/10-early-detection.jpg,Pink graphic reading Early detection saves lives,,,,,,,,,,,,,,,,,,,
"Big family or easy parking? 🎀 GLS (seven seats) or GLB (compact)? Comment GLS or GLB 👇 I'll DM the details to everyone who votes.

#GLS #GLB #LuxurySUV #ThisOrThat #PinkBowOctober #MercedesBenz #MBofSmithtown #CompetitionAutoGroup #Smithtown #LongIsland",21/10/2026,19:00,TRUE,FALSE,FALSE,FALSE,FALSE,TRUE,FALSE,FALSE,FALSE,FALSE,FALSE,https://raw.githubusercontent.com/empathicmk-svg/mkparrish-site/main/output/mercedes-smithtown/vol2/feed/08-this-or-that-suv.jpg,"Mercedes-Benz GLS above a Mercedes-Benz GLB, both with pink bows",,,,,,,,,,,,,,,,,,,
GLS or GLB? 🎀 Comment your pick 👇 Both are on the floor now at Mercedes-Benz of Smithtown.,21/10/2026,19:00,TRUE,TRUE,FALSE,FALSE,FALSE,FALSE,FALSE,FALSE,FALSE,FALSE,FALSE,https://raw.githubusercontent.com/empathicmk-svg/mkparrish-site/main/output/mercedes-smithtown/vol2/feed/08-this-or-that-suv.jpg,"Mercedes-Benz GLS above a Mercedes-Benz GLB, both with pink bows",,,,,,,,,,,,,,,,,,,
"Five Mercedes-Benz models, five pink bows 🎀 Which one's going home with you? Comment 1–5 and I'll DM you the details.

#PinkBowOctober #NewCarDay #MercedesBenz #MBofSmithtown #CompetitionAutoGroup #Smithtown #LongIsland",22/10/2026,19:00,TRUE,FALSE,FALSE,FALSE,FALSE,TRUE,FALSE,FALSE,FALSE,FALSE,FALSE,https://raw.githubusercontent.com/empathicmk-svg/mkparrish-site/main/output/mercedes-smithtown/vol2/reels/03-pick-your-bow.mp4,Five Mercedes-Benz models with pink bows,,,,,,,,,,,,,,,,,,,
Pick your bow 🎀 Five Mercedes-Benz models on the floor at Mercedes-Benz of Smithtown. Comment 1–5 and I'll message you the details.,22/10/2026,19:00,TRUE,TRUE,FALSE,FALSE,FALSE,FALSE,FALSE,FALSE,FALSE,FALSE,FALSE,https://raw.githubusercontent.com/empathicmk-svg/mkparrish-site/main/output/mercedes-smithtown/vol2/reels/03-pick-your-bow.mp4,Five Mercedes-Benz models with pink bows,,,,,,,,,,,,,,,,,,,
"Five Mercedes-Benz models, five pink bows 🎀 Which one's going home with you? Comment 1–5.

#MercedesBenz #PinkBowOctober #CarTok #LongIsland #NewCarDay",22/10/2026,19:00,TRUE,FALSE,FALSE,FALSE,FALSE,FALSE,FALSE,TRUE,FALSE,FALSE,FALSE,https://raw.githubusercontent.com/empathicmk-svg/mkparrish-site/main/output/mercedes-smithtown/vol2/reels/03-pick-your-bow.mp4,Five Mercedes-Benz models with pink bows,,,,,,,,,,,,,,,,,,,
"You can tell a Mercedes-Benz from the front. Can you tell which one? 👀

1️⃣ Star pattern — the all-new CLA
2️⃣ AMG Panamericana — AMG GLE
3️⃣ Star grille + chrome — GLE
4️⃣ Classic chrome bars — GLS

👉 Comment your favorite and save this for your next car.

#MercedesAMG #AMG #Panamericana #CLA #GLE #GLS #PinkBowOctober #MercedesBenz #MBofSmithtown #CompetitionAutoGroup #Smithtown #LongIsland",23/10/2026,12:00,TRUE,FALSE,FALSE,FALSE,FALSE,TRUE,FALSE,FALSE,FALSE,FALSE,FALSE,https://raw.githubusercontent.com/empathicmk-svg/mkparrish-site/main/output/mercedes-smithtown/vol2/carousel-grille/00-cover.jpg,"Close-ups of four Mercedes-Benz grilles: CLA, AMG GLE, GLE, GLS",https://raw.githubusercontent.com/empathicmk-svg/mkparrish-site/main/output/mercedes-smithtown/vol2/carousel-grille/01-grille.jpg,,https://raw.githubusercontent.com/empathicmk-svg/mkparrish-site/main/output/mercedes-smithtown/vol2/carousel-grille/02-grille.jpg,,https://raw.githubusercontent.com/empathicmk-svg/mkparrish-site/main/output/mercedes-smithtown/vol2/carousel-grille/03-grille.jpg,,https://raw.githubusercontent.com/empathicmk-svg/mkparrish-site/main/output/mercedes-smithtown/vol2/carousel-grille/04-grille.jpg,,https://raw.githubusercontent.com/empathicmk-svg/mkparrish-site/main/output/mercedes-smithtown/vol2/carousel-grille/05-end.jpg,,,,,,,,,,
Know your grille 👀 Four Mercedes-Benz faces on the floor right now. Which one's your favorite? Comment 1–4.,23/10/2026,12:00,TRUE,TRUE,FALSE,FALSE,FALSE,FALSE,FALSE,FALSE,FALSE,FALSE,FALSE,https://raw.githubusercontent.com/empathicmk-svg/mkparrish-site/main/output/mercedes-smithtown/vol2/carousel-grille/00-cover.jpg,"Close-ups of four Mercedes-Benz grilles: CLA, AMG GLE, GLE, GLS",https://raw.githubusercontent.com/empathicmk-svg/mkparrish-site/main/output/mercedes-smithtown/vol2/carousel-grille/01-grille.jpg,,https://raw.githubusercontent.com/empathicmk-svg/mkparrish-site/main/output/mercedes-smithtown/vol2/carousel-grille/02-grille.jpg,,https://raw.githubusercontent.com/empathicmk-svg/mkparrish-site/main/output/mercedes-smithtown/vol2/carousel-grille/03-grille.jpg,,https://raw.githubusercontent.com/empathicmk-svg/mkparrish-site/main/output/mercedes-smithtown/vol2/carousel-grille/04-grille.jpg,,https://raw.githubusercontent.com/empathicmk-svg/mkparrish-site/main/output/mercedes-smithtown/vol2/carousel-grille/05-end.jpg,,,,,,,,,,
"Seven seats. One pink bow 🎀 For the moms, sisters and best friends who carry everyone.

The GLS fits the whole crew — kids, carpool, the dog and the Costco run.

👉 DM me ""GLS"" to book a test drive this week.

#GLS #LuxurySUV #PinkBowOctober #BreastCancerAwarenessMonth #MercedesBenz #MBofSmithtown #CompetitionAutoGroup #Smithtown #LongIsland",24/10/2026,10:00,TRUE,FALSE,FALSE,FALSE,FALSE,TRUE,FALSE,FALSE,FALSE,FALSE,FALSE,https://raw.githubusercontent.com/empathicmk-svg/mkparrish-site/main/output/mercedes-smithtown/feed/05-gls-room-for-everyone.jpg,White Mercedes-Benz GLS with a pink bow,,,,,,,,,,,,,,,,,,,
"The Mercedes-Benz GLS — room for everyone 🎀 Wearing pink this October for the women who hold it all together. Message me ""GLS"" and I'll book your test drive.",24/10/2026,10:00,TRUE,TRUE,FALSE,FALSE,FALSE,FALSE,FALSE,FALSE,FALSE,FALSE,FALSE,https://raw.githubusercontent.com/empathicmk-svg/mkparrish-site/main/output/mercedes-smithtown/feed/05-gls-room-for-everyone.jpg,White Mercedes-Benz GLS with a pink bow,,,,,,,,,,,,,,,,,,,
"This or that: Mercedes-Benz SUV edition 🎀 Round 1: GLS or GLB? Round 2: GLE or AMG GLE? Drop your picks below 👇

#GLS #GLE #GLB #AMGGLE #LuxurySUV #ThisOrThat #MercedesBenz #MBofSmithtown #CompetitionAutoGroup #Smithtown #LongIsland",24/10/2026,19:00,TRUE,FALSE,FALSE,FALSE,FALSE,TRUE,FALSE,FALSE,FALSE,FALSE,FALSE,https://raw.githubusercontent.com/empathicmk-svg/mkparrish-site/main/output/mercedes-smithtown/vol2/reels/06-this-or-that-suv.mp4,"Mercedes-Benz SUVs this-or-that: GLS, GLB, GLE, AMG GLE",,,,,,,,,,,,,,,,,,,
This or that — Mercedes-Benz SUV edition 🎀 GLS or GLB? GLE or AMG GLE? Comment your picks and I'll message you details on both.,24/10/2026,19:00,TRUE,TRUE,FALSE,FALSE,FALSE,FALSE,FALSE,FALSE,FALSE,FALSE,FALSE,https://raw.githubusercontent.com/empathicmk-svg/mkparrish-site/main/output/mercedes-smithtown/vol2/reels/06-this-or-that-suv.mp4,"Mercedes-Benz SUVs this-or-that: GLS, GLB, GLE, AMG GLE",,,,,,,,,,,,,,,,,,,
"This or that: Mercedes-Benz SUV edition 🎀 GLS or GLB? GLE or AMG GLE? Drop your picks 👇

#MercedesBenz #LuxurySUV #CarTok #ThisOrThat #LongIsland",24/10/2026,19:00,TRUE,FALSE,FALSE,FALSE,FALSE,FALSE,FALSE,TRUE,FALSE,FALSE,FALSE,https://raw.githubusercontent.com/empathicmk-svg/mkparrish-site/main/output/mercedes-smithtown/vol2/reels/06-this-or-that-suv.mp4,"Mercedes-Benz SUVs this-or-that: GLS, GLB, GLE, AMG GLE",,,,,,,,,,,,,,,,,,,
"Meet the all-new CLA ✨ A grille full of three-pointed stars — and a pink bow on top 🎀

👉 DM me ""CLA"" to see it in person this week.

#CLA #NewCLA #PinkBowOctober #MercedesBenz #MBofSmithtown #CompetitionAutoGroup #Smithtown #LongIsland",25/10/2026,12:00,TRUE,FALSE,FALSE,FALSE,FALSE,TRUE,FALSE,FALSE,FALSE,FALSE,FALSE,https://raw.githubusercontent.com/empathicmk-svg/mkparrish-site/main/output/mercedes-smithtown/vol2/feed/12-meet-the-new-cla.jpg,Silver all-new Mercedes-Benz CLA with a pink bow,,,,,,,,,,,,,,,,,,,
"The all-new Mercedes-Benz CLA is here ✨ Message me ""CLA"" and I'll set up a time for you to see it in person.",25/10/2026,12:00,TRUE,TRUE,FALSE,FALSE,FALSE,FALSE,FALSE,FALSE,FALSE,FALSE,FALSE,https://raw.githubusercontent.com/empathicmk-svg/mkparrish-site/main/output/mercedes-smithtown/vol2/feed/12-meet-the-new-cla.jpg,Silver all-new Mercedes-Benz CLA with a pink bow,,,,,,,,,,,,,,,,,,,
"Lease ending in the next few months? Read this before you hand back the keys 🔑

1. Check your miles
2. Know your equity
3. Start 90–120 days out
4. Ask about current programs

👉 DM me ""LEASE"" with your model and maturity month and I'll walk you through your options. No pressure.

#LeaseEnd #CarLease #SuffolkCounty #MercedesBenz #MBofSmithtown #CompetitionAutoGroup #Smithtown #LongIsland",26/10/2026,19:00,TRUE,FALSE,FALSE,FALSE,FALSE,TRUE,FALSE,FALSE,FALSE,FALSE,FALSE,https://raw.githubusercontent.com/empathicmk-svg/mkparrish-site/main/output/mercedes-smithtown/vol2/carousel-lease/00-cover.jpg,Four tips for Mercedes-Benz drivers whose lease is ending,https://raw.githubusercontent.com/empathicmk-svg/mkparrish-site/main/output/mercedes-smithtown/vol2/carousel-lease/01-tip.jpg,,https://raw.githubusercontent.com/empathicmk-svg/mkparrish-site/main/output/mercedes-smithtown/vol2/carousel-lease/02-tip.jpg,,https://raw.githubusercontent.com/empathicmk-svg/mkparrish-site/main/output/mercedes-smithtown/vol2/carousel-lease/03-tip.jpg,,https://raw.githubusercontent.com/empathicmk-svg/mkparrish-site/main/output/mercedes-smithtown/vol2/carousel-lease/04-tip.jpg,,https://raw.githubusercontent.com/empathicmk-svg/mkparrish-site/main/output/mercedes-smithtown/vol2/carousel-lease/05-end.jpg,,,,,,,,,,
"Lease ending soon? 4 moves to make before you hand back the keys 🔑 Message me ""LEASE"" with your model and maturity month and I'll walk you through it.",26/10/2026,19:00,TRUE,TRUE,FALSE,FALSE,FALSE,FALSE,FALSE,FALSE,FALSE,FALSE,FALSE,https://raw.githubusercontent.com/empathicmk-svg/mkparrish-site/main/output/mercedes-smithtown/vol2/carousel-lease/00-cover.jpg,Four tips for Mercedes-Benz drivers whose lease is ending,https://raw.githubusercontent.com/empathicmk-svg/mkparrish-site/main/output/mercedes-smithtown/vol2/carousel-lease/01-tip.jpg,,https://raw.githubusercontent.com/empathicmk-svg/mkparrish-site/main/output/mercedes-smithtown/vol2/carousel-lease/02-tip.jpg,,https://raw.githubusercontent.com/empathicmk-svg/mkparrish-site/main/output/mercedes-smithtown/vol2/carousel-lease/03-tip.jpg,,https://raw.githubusercontent.com/empathicmk-svg/mkparrish-site/main/output/mercedes-smithtown/vol2/carousel-lease/04-tip.jpg,,https://raw.githubusercontent.com/empathicmk-svg/mkparrish-site/main/output/mercedes-smithtown/vol2/carousel-lease/05-end.jpg,,,,,,,,,,
"Satin white. Pink bow. 🤍🎀 Mercedes-AMG E-Class in matte white — AMG grille, zero subtlety.

👉 DM me ""MATTE"" for details.

#MercedesAMG #AMG #EClass #MatteWhite #PinkBowOctober #MercedesBenz #MBofSmithtown #CompetitionAutoGroup #Smithtown #LongIsland",27/10/2026,12:00,TRUE,FALSE,FALSE,FALSE,FALSE,TRUE,FALSE,FALSE,FALSE,FALSE,FALSE,https://raw.githubusercontent.com/empathicmk-svg/mkparrish-site/main/output/mercedes-smithtown/vol2/feed/11-matte-amg-e-class.jpg,Matte white Mercedes-AMG E-Class with a pink bow,,,,,,,,,,,,,,,,,,,
"Mercedes-AMG E-Class in matte white 🤍🎀 On the floor now in St. James. Message me ""MATTE"" for details.",27/10/2026,12:00,TRUE,TRUE,FALSE,FALSE,FALSE,FALSE,FALSE,FALSE,FALSE,FALSE,FALSE,https://raw.githubusercontent.com/empathicmk-svg/mkparrish-site/main/output/mercedes-smithtown/vol2/feed/11-matte-amg-e-class.jpg,Matte white Mercedes-AMG E-Class with a pink bow,,,,,,,,,,,,,,,,,,,
"Sedan or SUV? The all-new CLA or the GLE 🎀 Comment CLA or GLE and I'll send you the details.

#CLA #GLE #ThisOrThat #PinkBowOctober #MercedesBenz #MBofSmithtown #CompetitionAutoGroup #Smithtown #LongIsland",28/10/2026,19:00,TRUE,FALSE,FALSE,FALSE,FALSE,TRUE,FALSE,FALSE,FALSE,FALSE,FALSE,https://raw.githubusercontent.com/empathicmk-svg/mkparrish-site/main/output/mercedes-smithtown/vol2/feed/09-this-or-that-sedan-suv.jpg,"All-new Mercedes-Benz CLA above a black Mercedes-Benz GLE, both with pink bows",,,,,,,,,,,,,,,,,,,
Sedan or SUV — CLA or GLE? Comment your pick 👇 Pink bows on both this month 🎀,28/10/2026,19:00,TRUE,TRUE,FALSE,FALSE,FALSE,FALSE,FALSE,FALSE,FALSE,FALSE,FALSE,https://raw.githubusercontent.com/empathicmk-svg/mkparrish-site/main/output/mercedes-smithtown/vol2/feed/09-this-or-that-sedan-suv.jpg,"All-new Mercedes-Benz CLA above a black Mercedes-Benz GLE, both with pink bows",,,,,,,,,,,,,,,,,,,
"The only palette I trust 🖤🤍🎀

Mercedes-AMG GLE — Panamericana grille, gloss black paint, and a pink bow that means something this month.

👉 DM me ""AMG"" for specs and availability.

#MercedesAMG #AMG #GLE #AMGGLE #PinkBowOctober #MercedesBenz #MBofSmithtown #CompetitionAutoGroup #Smithtown #LongIsland",29/10/2026,12:00,TRUE,FALSE,FALSE,FALSE,FALSE,TRUE,FALSE,FALSE,FALSE,FALSE,FALSE,https://raw.githubusercontent.com/empathicmk-svg/mkparrish-site/main/output/mercedes-smithtown/feed/06-amg-black-white-pink.jpg,Gloss black Mercedes-AMG GLE with a pink bow,,,,,,,,,,,,,,,,,,,
"Black. White. Pink. 🖤🤍🎀 Mercedes-AMG GLE, on the floor now at Mercedes-Benz of Smithtown. Message me ""AMG"" for details.",29/10/2026,12:00,TRUE,TRUE,FALSE,FALSE,FALSE,FALSE,FALSE,FALSE,FALSE,FALSE,FALSE,https://raw.githubusercontent.com/empathicmk-svg/mkparrish-site/main/output/mercedes-smithtown/feed/06-amg-black-white-pink.jpg,Gloss black Mercedes-AMG GLE with a pink bow,,,,,,,,,,,,,,,,,,,
"Wrapped for a reason 🎀 This bow is for every fighter, every survivor, and everyone we carry with us.

👉 Tag someone who wears pink for a reason.

#PinkBowOctober #BreastCancerAwarenessMonth #ThinkPink #EarlyDetectionSavesLives #GLE #MercedesBenz #MBofSmithtown #CompetitionAutoGroup #Smithtown #LongIsland",30/10/2026,19:00,TRUE,FALSE,FALSE,FALSE,FALSE,TRUE,FALSE,FALSE,FALSE,FALSE,FALSE,https://raw.githubusercontent.com/empathicmk-svg/mkparrish-site/main/output/mercedes-smithtown/vol2/feed/13-wrapped-for-a-reason.jpg,Close-up of a pink bow on a black Mercedes-Benz GLE,,,,,,,,,,,,,,,,,,,
Wrapped for a reason 🎀 Every bow on our floor is pink this October — for every fighter and survivor. Tag someone who wears pink for a reason.,30/10/2026,19:00,TRUE,TRUE,FALSE,FALSE,FALSE,FALSE,FALSE,FALSE,FALSE,FALSE,FALSE,https://raw.githubusercontent.com/empathicmk-svg/mkparrish-site/main/output/mercedes-smithtown/vol2/feed/13-wrapped-for-a-reason.jpg,Close-up of a pink bow on a black Mercedes-Benz GLE,,,,,,,,,,,,,,,,,,,
"Fall drives hit different in a Mercedes-Benz 🍂

Find me at Mercedes-Benz of Smithtown — 630 Middle Country Rd, St. James.

👉 Come in and ask for MK, test drives all week. DM @mk_parrish to lock in a time.

#GLE #StJamesNY #SuffolkCounty #PinkBowOctober #MercedesBenz #MBofSmithtown #CompetitionAutoGroup #Smithtown #LongIsland",31/10/2026,12:00,TRUE,FALSE,FALSE,FALSE,FALSE,TRUE,FALSE,FALSE,FALSE,FALSE,FALSE,https://raw.githubusercontent.com/empathicmk-svg/mkparrish-site/main/output/mercedes-smithtown/feed/07-find-me-in-smithtown.jpg,Black Mercedes-Benz GLE parked under trees outside Mercedes-Benz of Smithtown,,,,,,,,,,,,,,,,,,,
"Find me at Mercedes-Benz of Smithtown, 630 Middle Country Rd, St. James 🍂 Ask for MK when you come in, or message me to book a time. Pink bows on every car all October 🎀",31/10/2026,12:00,TRUE,TRUE,FALSE,FALSE,FALSE,FALSE,FALSE,FALSE,FALSE,FALSE,FALSE,https://raw.githubusercontent.com/empathicmk-svg/mkparrish-site/main/output/mercedes-smithtown/feed/07-find-me-in-smithtown.jpg,Black Mercedes-Benz GLE parked under trees outside Mercedes-Benz of Smithtown,,,,,,,,,,,,,,,,,,,
